<?xml version="1.0" encoding="UTF-8"?>
<taskDefinition id="gbmembers_messaging_service" name="GBMembers Messaging Service" schema_version="1.0" version="1">
    <author>support@kineticdata.com</author>
    <description>A Handler to invoke REST services from the GBMessaging server</description>
    <helpurl></helpurl>
    <visible>true</visible>
    <deferrable>false</deferrable>
    <parameters>
      <parameter id="service_value" label="Messaging Service Value" required="true"
          tooltip="GBMembers Messaging Service call value (send_sms, send_bulk_sms)"/>
      <parameter id="space" label="Space slug" required="true"
          tooltip="Space slug for School"/>
      <parameter id="messaging_company" label="Messaging Company" required="true"
          tooltip="Messaging Company that the service will operate against.(eg, SMS Broadcast)"/>
      <parameter id="json_args" label="JSON arguments" required="true"
          tooltip="A JSON structure containing all argument passed to the Messaging Service"/>
    </parameters>
    <handler name="gbmembers_messaging_service" version="1">
        <infos>
            <info name="service_url">&lt;%= @info['service_url'] %&gt;</info>
            <info name="enable_debug_logging">&lt;%= @info["enable_debug_logging"] %&gt;</info>
        </infos>
        <parameters>
          <parameter name="service_url">&lt;%= @info["service_url"] %&gt;</parameter>
          <parameter name="service_value">&lt;%= @parameters["service_value"] %&gt;</parameter>
          <parameter name="space">&lt;%= @parameters["space"] %&gt;</parameter>
          <parameter name="messaging_company">&lt;%= @parameters["messaging_company"] %&gt;</parameter>
          <parameter name="json_args">&lt;%= @parameters["json_args"] %&gt;</parameter>
        </parameters>
    </handler>
    <results format="xml">
        <result name="Result JSON"/>
        <result name="Handler Error Message"/>
    </results>
</taskDefinition>
