<?xml version="1.0" encoding="UTF-8"?>
<taskDefinition id="kinetic_request_ce_attribute_values_retrieve" name="Kinetic Request CE Attribute Values Retrieve" schema_version="1.0" version="1">
    <author>support@kineticdata.com</author>
    <description>
        Returns attributes for the provided slugs.
    </description>
    <helpurl></helpurl>
    <visible>true</visible>
    <deferrable>false</deferrable>
    <parameters>
        <parameter id="error_handling" label="Error Handling" required="true"
          tooltip="Determine what to return if an error is encountered." menu="Error Message,Raise Error">Error Message</parameter>
        <parameter id="space_slug" label="Space Slug" required="false"
          tooltip="The Slug of the space to find attribute values in."/>
        <parameter id="kapp_slug" label="Kapp Slug" required="false"
          tooltip="The Slug of the kapp to find attribute values in."/>
        <parameter id="form_slug" label="Form Slug" required="false"
          tooltip="The Slug of the form to find attribute values in."/>
    </parameters>
    <handler name="kinetic_request_ce_attribute_values_retrieve" version="1">
        <infos>
            <info name="api_password">&lt;%= @info['api_password'] %&gt;</info>
            <info name="api_server">&lt;%= @info['api_server'] %&gt;</info>
            <info name="api_username">&lt;%= @info['api_username'] %&gt;</info>
            <info name="space_slug">&lt;%= @info["space_slug"] %&gt;</info>
        </infos>
        <parameters>
            <parameter name="error_handling">&lt;%= @parameters.has_key?("error_handling") ? @parameters["error_handling"] : "Raise Error" %&gt;</parameter>
            <parameter name="space_slug">&lt;%= @parameters["space_slug"] %&gt;</parameter>
            <parameter name="kapp_slug">&lt;%= @parameters["kapp_slug"] %&gt;</parameter>
            <parameter name="form_slug">&lt;%= @parameters["form_slug"] %&gt;</parameter>
        </parameters>
    </handler>
    <results format="xml">
        <result name="Handler Error Message"/>
        <result name="Space Attributes"/>
        <result name="Kapp Attributes"/>
        <result name="Form Attributes"/>
    </results>
</taskDefinition>
