<?xml version="1.0" encoding="UTF-8"?>
<taskDefinition id="kinetic_request_ce_team_create" name="Kinetic Request CE Team Create" schema_version="1.0" version="1">
    <author>support@kineticdata.com</author>
    <description>
        Creates a team record in Kinetic Request CE for the specified space.
    </description>
    <helpurl></helpurl>
    <visible>false</visible>
    <deferrable>false</deferrable>
    <parameters>
        <parameter id="error_handling" label="Error Handling" required="true"
          tooltip="Determine what to return if an error is encountered." menu="Error Message,Raise Error">Error Message</parameter>
        <parameter id="space_slug" label="Space Slug" required="false"
          tooltip="The Space the team is being created in."/>
        <parameter id="team_name" label="Team Name" required="true"
            tooltip="The team name to be created."/>
        <parameter id="members" label="Members" required="false"
          tooltip="JSON array of usernames to be added to the team"/>
    </parameters>
    <handler name="kinetic_request_ce_team_create" version="1">
        <infos>
            <info name="password">&lt;%= @info['password'] %&gt;</info>
            <info name="server">&lt;%= @info['server'] %&gt;</info>
            <info name="username">&lt;%= @info['username'] %&gt;</info>
            <info name="space_slug">&lt;%= @info['space_slug'] %&gt;</info>
			<info name="enable_debug_logging">&lt;%= @info['enable_debug_logging'] %&gt;</info>
        </infos>
        <parameters>
            <parameter name="error_handling">&lt;%= @parameters.has_key?("error_handling") ? @parameters["error_handling"] : "Raise" %&gt;</parameter>
            <parameter name="space_slug">&lt;%= @parameters['space_slug'] %&gt;</parameter>
            <parameter name="team_name">&lt;%= @parameters['team_name'] %&gt;</parameter>
            <parameter name="members">&lt;%= @parameters['members'] %&gt;</parameter>
        </parameters>
    </handler>
    <results format="xml">
        <result name="Handler Error Message"/>
    </results>
</taskDefinition>
