<?xml version="1.0" encoding="UTF-8"?>
<!--
This file contains a list of all configurable values used by the task node.

The name of the parameter is defined by applying the 'name' attribute to the
info tag.  For example, to define a parameter named 'username' add the
following line:
<info name="username" description="The username used to login"></info>

Default values may be defined by placing the value of the parameter
within the info tags.  For example, to define a parameter named 'username'
with a default value of 'KD_WEBUSER' add the following line:
<info name="username">KD_WEBUSER</info>

When dealing with input parameters that should be encrypted (passwords, api
secret keys, etc), add the type="encypted" attribute to the info:
<info name="password" type="encrypted"></info>
-->
<taskInfo version="1.0">
  <info name="space" description="Space slug"></info>
  <info name="service_url" description="Billing Service URL">https://gbbilling.com.au:8443/billingservice</info>
  <info name="api_server" required="true" description="Kinetic Request CE API Web Application">http://server:port/kinetic</info>
  <info name="api_username" required="true" description="Name of user account that has permission to use the API"></info>
  <info name="api_password" required="true" description="Password for the API user" type="encrypted"></info>
  <info name="enable_debug_logging" description="True or False">false</info>
</taskInfo>
