<?xml version="1.0" encoding="UTF-8"?>
<taskDefinition id="generate_monthly_billing_statistics" name="Generate Monthly Billing Statistics" schema_version="1.0" version="1">
    <author>support@kineticdata.com</author>
    <description>Calls Paysmart and calculates monthly statistics</description>
    <helpurl></helpurl>
    <visible>true</visible>
    <deferrable>false</deferrable>
    <parameters>
      <parameter id="payments_args" label="Payments JSON arguments" required="true"
          tooltip="A Payments JSON structure containing all argument passed to the Billing Service"/>
      <parameter id="suspended_args" label="Suspended JSON arguments" required="true"
          tooltip="A Suspended JSON structure containing all argument passed to the Billing Service"/>
    </parameters>
    <handler name="generate_monthly_billing_statistics" version="1">
        <infos>
            <info name="service_url">&lt;%= @info['service_url'] %&gt;</info>
            <info name="api_password">&lt;%= @info['api_password'] %&gt;</info>
            <info name="api_server">&lt;%= @info['api_server'] %&gt;</info>
            <info name="api_username">&lt;%= @info['api_username'] %&gt;</info>
            <info name="enable_debug_logging">&lt;%= @info["enable_debug_logging"] %&gt;</info>
        </infos>
        <parameters>
          <parameter name="space">&lt;%= @info["space"] %&gt;</parameter>
          <parameter name="service_url">&lt;%= @info["service_url"] %&gt;</parameter>
          <parameter name="payments_args">&lt;%= @parameters["payments_args"] %&gt;</parameter>
          <parameter name="suspended_args">&lt;%= @parameters["suspended_args"] %&gt;</parameter>
        </parameters>
    </handler>
    <results format="xml">
        <result name="Result JSON"/>
        <result name="Handler Error Message"/>
    </results>
</taskDefinition>
