<?xml version="1.0" encoding="UTF-8"?>
<taskDefinition id="generate_member_recurring_bookings" name="Generate Recurring Class Bookings" schema_version="1.0" version="1">
    <author>support@kineticdata.com</author>
    <description>Generate Member Recurring Bookings</description>
    <helpurl></helpurl>
    <visible>true</visible>
    <deferrable>false</deferrable>
    <parameters>
    </parameters>
    <handler name="generate_member_recurring_bookings" version="1">
        <infos>
            <info name="api_password">&lt;%= @info['api_password'] %&gt;</info>
            <info name="api_server">&lt;%= @info['api_server'] %&gt;</info>
            <info name="api_username">&lt;%= @info['api_username'] %&gt;</info>
            <info name="enable_debug_logging">&lt;%= @info["enable_debug_logging"] %&gt;</info>
        </infos>
        <parameters>
          <parameter name="space">&lt;%= @info["space"] %&gt;</parameter>
        </parameters>
    </handler>
    <results format="xml">
        <result name="Result Booking IDs"/>
        <result name="Handler Error Message"/>
    </results>
</taskDefinition>
