<?xml version="1.0" encoding="UTF-8"?>
<taskDefinition id="gbmembers_billing_service" name="GBMembers Billing Service" schema_version="1.0" version="1">
    <author>support@kineticdata.com</author>
    <description>A Handler to invoke REST services from the GBBilling server</description>
    <helpurl></helpurl>
    <visible>true</visible>
    <deferrable>false</deferrable>
    <parameters>
      <parameter id="service_value" label="Billing Service Value" required="true"
          tooltip="GBMembers Billing Service call value (registerUser,billingInfo,)"/>
      <parameter id="space" label="Space slug" required="true"
          tooltip="Space slug for School"/>
      <parameter id="billing_company" label="Billing Company" required="true"
          tooltip="Billing Company that the service will operate against.(eg, PaySmart)"/>
      <parameter id="json_args" label="JSON arguments" required="true"
          tooltip="A JSON structure containing all argument passed to the Billing Service"/>
    </parameters>
    <handler name="gbmembers_billing_service" version="1">
        <infos>
            <info name="service_url">&lt;%= @info['service_url'] %&gt;</info>
            <info name="enable_debug_logging">&lt;%= @info["enable_debug_logging"] %&gt;</info>
        </infos>
        <parameters>
          <parameter name="service_url">&lt;%= @info["service_url"] %&gt;</parameter>
          <parameter name="service_value">&lt;%= @parameters["service_value"] %&gt;</parameter>
          <parameter name="space">&lt;%= @parameters["space"] %&gt;</parameter>
          <parameter name="billing_company">&lt;%= @parameters["billing_company"] %&gt;</parameter>
          <parameter name="json_args">&lt;%= @parameters["json_args"] %&gt;</parameter>
        </parameters>
    </handler>
    <results format="xml">
        <result name="Result JSON"/>
        <result name="Handler Error Message"/>
    </results>
</taskDefinition>
