<?xml version="1.0" encoding="UTF-8"?>
<taskDefinition id="generate_member_journey_events" name="Generate Member Journey Events" schema_version="1.0" version="1">
    <author>support@kineticdata.com</author>
    <description>Generate Member Journey events</description>
    <helpurl></helpurl>
    <visible>true</visible>
    <deferrable>false</deferrable>
    <parameters>
      <parameter id="ignore_status_values" label="Status values to ignore" required="false"
          tooltip="Status values that are considered closed, eg Dead Lead"/>
      <parameter id="service_value" label="Billing Service Value" required="true"
          tooltip="GBMembers Billing Service call value (billingInfo,)"/>
      <parameter id="billing_company" label="Billing Company" required="true"
          tooltip="Billing Company that the service will operate against.(eg, PaySmart)"/>
      <parameter id="json_args" label="JSON arguments" required="true"
          tooltip="A JSON structure containing all argument passed to the Billing Service"/>
    </parameters>
    <handler name="generate_member_journey_events" version="1">
        <infos>
            <info name="api_password">&lt;%= @info['api_password'] %&gt;</info>
            <info name="api_server">&lt;%= @info['api_server'] %&gt;</info>
            <info name="api_username">&lt;%= @info['api_username'] %&gt;</info>
            <info name="service_url">&lt;%= @info['service_url'] %&gt;</info>
            <info name="enable_debug_logging">&lt;%= @info["enable_debug_logging"] %&gt;</info>
        </infos>
        <parameters>
          <parameter name="ignore_status_values">&lt;%= @parameters["ignore_status_values"] %&gt;</parameter>
          <parameter name="service_url">&lt;%= @info["service_url"] %&gt;</parameter>
          <parameter name="service_value">&lt;%= @parameters["service_value"] %&gt;</parameter>
          <parameter name="billing_company">&lt;%= @parameters["billing_company"] %&gt;</parameter>
          <parameter name="json_args">&lt;%= @parameters["json_args"] %&gt;</parameter>
        </parameters>
    </handler>
    <results format="xml">
        <result name="Result Event IDs"/>
        <result name="Handler Error Message"/>
    </results>
</taskDefinition>
