<?xml version="1.0" encoding="UTF-8"?>
<taskDefinition id="kinetic_request_ce_team_retrieve" name="Kinetic Request CE Team Retrieve" schema_version="1.0" version="1">
    <author>support@kineticdata.com</author>
    <description>
        Retrieves a team in Kinetic Request CE in the specified space.
    </description>
    <helpurl></helpurl>
    <visible>false</visible>
    <deferrable>false</deferrable>
    <parameters>
        <parameter id="error_handling" label="Error Handling" required="true"
          tooltip="Determine what to return if an error is encountered."
          menu="Error Message,Raise Error">Error Message</parameter>
        <parameter id="space_slug" label="Space Slug" required="false"
          tooltip="The slug of the space (defaults to info value if not provided)."/>
        <parameter id="team_name" label="Team Name" required="false"
            tooltip="Optional. If only one team's information is desired, specify team name"/>
        <parameter id="membership" label="Include Membership" required="true"
          tooltip="Whether or not to include the memberships of the team(s), default: true, possible options: true, false">true</parameter>
        <parameter id="attributes" label="Include Attributes" required="true"
          tooltip="Whether or not to include the attributes of the team(s), default: true, possible options: true, false">true</parameter>
    </parameters>
    <handler name="kinetic_request_ce_team_retrieve" version="1">
        <infos>
            <info name="api_password">&lt;%= @info['api_password'] %&gt;</info>
            <info name="api_server">&lt;%= @info['api_server'] %&gt;</info>
            <info name="api_username">&lt;%= @info['api_username'] %&gt;</info>
            <info name="space_slug">&lt;%= @info['space_slug'] %&gt;</info>
            <info name="enable_debug_logging">&lt;%= @info['enable_debug_logging'] %&gt;</info>
        </infos>
        <parameters>
            <parameter name="error_handling">&lt;%= @parameters.has_key?("error_handling") ?
                @parameters["error_handling"] : "Raise Error" %&gt;</parameter>
            <parameter name="space_slug">&lt;%= @parameters['space_slug'] %&gt;</parameter>
            <parameter name="team_name">&lt;%= @parameters['team_name'] %&gt;</parameter>
            <parameter name="membership">&lt;%= @parameters['membership'] %&gt;</parameter>
            <parameter name="attributes">&lt;%= @parameters['attributes'] %&gt;</parameter>
        </parameters>
    </handler>
    <results format="xml">
        <result name="Name"/>
        <result name="Description"/>
        <result name="Slug"/>
        <result name="Membership JSON"/>
        <result name="Attributes JSON"/>
        <result name="Exists"/>
        <result name="Has Members"/>
        <result name="Handler Error Message"/>
    </results>
</taskDefinition>