<?xml version="1.0" encoding="UTF-8"?>
<!--
This file contains a list of all configurable values used by the task node.

The name of the parameter is defined by applying the 'name' attribute to the
info tag.  For example, to define a parameter named 'username' add the
following line:
<info name="username" description="The username used to login"></info>

Default values may be defined by placing the value of the parameter
within the info tags.  For example, to define a parameter named 'username'
with a default value of 'KD_WEBUSER' add the following line:
<info name="username">KD_WEBUSER</info>
-->
<taskInfo version="1.0">
  <info name="api_server" description="API Location of the Kinetic Response Server"></info>
  <info name="api_username" description="Name of user account that has permission to use the API"></info>
  <info name="api_password" description="Password for the API user" type="encrypted"></info>
  <info name="enable_debug_logging" description="True or False">false</info>
</taskInfo>
