<?xml version="1.0" encoding="UTF-8"?>
<taskDefinition id="kinetic_response_user_create" name="Kinetic Response User Create" schema_version="1.0" version="1">
    <author>support@kineticdata.com</author>
    <description>
        Creates a User in Kinetic Response
    </description>
    <helpurl></helpurl>
    <visible>true</visible>
    <deferrable>false</deferrable>
    <parameters>
        <parameter id="error_handling" label="Error Handling" required="true"
          tooltip="Determine what to return if an error is encountered." menu="Error Message,Raise Error">Error Message</parameter>
        <parameter id="api_server" label="API Server" required="true"
          tooltip="URL of the Kinetic Response server (https://server/space-slug/kinetic-response)."></parameter>
        <parameter id="name" label="Display Name" required="false"
          tooltip="The name of the user that is being created."/>
        <parameter id="email" label="Email" required="true"
          tooltip="The email of the user being created."/>
        <parameter id="password" label="Password" required="false"
          tooltip="Optionally set a password for this user"/>
        <parameter id="type" label="Type" required="false"
          tooltip="Valid types are User / Host / Admin. Defaulting to User."/>
    </parameters>
    <handler name="kinetic_response_user_create" version="1">
        <infos>
            <info name="api_server">&lt;%= @info['api_server'] %&gt;</info>
            <info name="api_password">&lt;%= @info['api_password'] %&gt;</info>
            <info name="api_username">&lt;%= @info['api_username'] %&gt;</info>
            <info name="enable_debug_logging">&lt;%= @info["enable_debug_logging"] %&gt;</info>
        </infos>
        <parameters>
            <parameter name="api_server">&lt;%= @parameters['api_server'] %&gt;</parameter>
            <parameter name="error_handling">&lt;%= @parameters.has_key?("error_handling") ? @parameters["error_handling"] : "Raise Error" %&gt;</parameter>
            <parameter name="name">&lt;%= @parameters["name"] %&gt;</parameter>
            <parameter name="email">&lt;%= @parameters['email'] %&gt;</parameter>
            <parameter name="password">&lt;%= @parameters['password'] %&gt;</parameter>
            <parameter name="type">&lt;%= @parameters['type'] %&gt;</parameter>
        </parameters>
    </handler>
    <results format="xml">
        <result name="Handler Error Message"/>
    </results>
</taskDefinition>
