<?xml version="1.0" encoding="UTF-8"?>
<taskDefinition id="kinetic_request_ce_submission_retrieve" name="Kinetic Request CE Submission Retrieve" schema_version="1.0" version="1">
    <author>support@kineticdata.com</author>
    <description>
        Retrieves a Submission record in Kinetic Request CE for the specified space.
    </description>
    <helpurl></helpurl>
    <visible>true</visible>
    <deferrable>false</deferrable>
    <parameters>
        <parameter id="error_handling" label="Error Handling" required="true"
          tooltip="Determine what to return if an error is encountered." menu="Error Message,Raise Error">Error Message</parameter>
        <parameter id="space_slug" label="Space Slug" required="false"
          tooltip="The Space the submission is being retrieved from."/>
        <parameter id="submission_id" label="Submission Id" required="true"
          tooltip="The id of the submission being retrieved."/>
    </parameters>
    <handler name="kinetic_request_ce_submission_retrieve" version="1">
        <infos>
            <info name="api_password">&lt;%= @info['api_password'] %&gt;</info>
            <info name="api_server">&lt;%= @info['api_server'] %&gt;</info>
            <info name="api_username">&lt;%= @info['api_username'] %&gt;</info>
            <info name="space_slug">&lt;%= @info["space_slug"] %&gt;</info>
            <info name="enable_debug_logging">&lt;%= @info['enable_debug_logging'] %&gt;</info>
        </infos>
        <parameters>
            <parameter name="error_handling">&lt;%= @parameters.has_key?("error_handling") ? @parameters["error_handling"] : "Raise" %&gt;</parameter>
            <parameter name="space_slug">&lt;%= @parameters["space_slug"] %&gt;</parameter>
            <parameter name="submission_id">&lt;%= @parameters['submission_id'] %&gt;</parameter>
        </parameters>
    </handler>
    <results format="xml">
        <result name="Handler Error Message"/>
        <result name="ID"/>
        <result name="Label"/>
        <result name="Handle"/>
        <result name="Origin"/>
        <result name="Parent"/>
        <result name="Submitted At"/>
        <result name="Type"/>
        <result name="Updated At"/>
        <result name="Updated By"/>
        <result name="Closed At"/>
        <result name="Core State"/>
        <result name="Created At"/>
        <result name="Created By"/>
        <result name="Form Description"/>
        <result name="Form Name"/>
        <result name="Form Notes"/>
        <result name="Form Slug"/>
        <result name="Form Status"/>
        <result name="Kapp Name"/>
        <result name="Kapp Slug"/>
    </results>
</taskDefinition>
