<?xml version="1.0" encoding="UTF-8"?>
<taskDefinition id="generate_journey_events" name="Generate Journey Events based on Trigger records" schema_version="1.0" version="1">
    <author>support@kineticdata.com</author>
    <description>Generate Lead Journey events</description>
    <helpurl></helpurl>
    <visible>true</visible>
    <deferrable>false</deferrable>
    <parameters>
      <parameter id="journey_triggers_json" label="Journey Triggers JSON" required="true"
          tooltip="Journney Trigger records as JSON"/>
      <parameter id="record_id" label="Record ID" required="true"
          tooltip="Record ID of Lead or member"/>
      <parameter id="record_name" label="Record Name" required="true"
          tooltip="Record Name of Lead or member"/>
    </parameters>
    <handler name="generate_journey_events" version="1">
        <infos>
            <info name="api_password">&lt;%= @info['api_password'] %&gt;</info>
            <info name="api_server">&lt;%= @info['api_server'] %&gt;</info>
            <info name="api_username">&lt;%= @info['api_username'] %&gt;</info>
            <info name="enable_debug_logging">&lt;%= @info["enable_debug_logging"] %&gt;</info>
        </infos>
        <parameters>
          <parameter name="space">&lt;%= @info["space"] %&gt;</parameter>
          <parameter name="journey_triggers_json">&lt;%= @parameters["journey_triggers_json"] %&gt;</parameter>
          <parameter name="record_id">&lt;%= @parameters["record_id"] %&gt;</parameter>
          <parameter name="record_name">&lt;%= @parameters["record_name"] %&gt;</parameter>
        </parameters>
    </handler>
    <results format="xml">
        <result name="Result Event IDs"/>
        <result name="Handler Error Message"/>
    </results>
</taskDefinition>
