<?xml version="1.0" encoding="UTF-8"?>
<taskDefinition id="kinetic_response_issue_invite" name="Kinetic Response Issue Invite" schema_version="1.0" version="1">
  <author>support@kineticdata.com</author>
  <description>This handler invites a Kinetic Response Issue.</description>
  <helpurl></helpurl>
  <visible>true</visible>
  <deferrable>false</deferrable>
  <parameters>
    <parameter id="error_handling" label="Error Handling" required="true"
        tooltip="Determine what to return if an error is encountered." menu="Error Message,Raise Error">Error Message</parameter>
    <parameter id="api_server" label="API Server" required="true"
        tooltip="URL of the Kinetic Response server (https://server/space-slug/kinetic-response)."></parameter>
    <parameter id="issue_guid" label="User Guid" required="true"
        tooltip="The guid of the issue to invite."/>
    <parameter id="invitee_email" label="Invitee Email" required="true"
        tooltip="The email of the invitee."/>
    <parameter id="suppress_email" label="Suppress Email" required="true"
        tooltip="Will not send an email to the recipient when true."/>
  </parameters>
  <handler name="kinetic_response_issue_invite" version="1">
    <infos>
      <info name="api_server">&lt;%= @info['api_server'] %&gt;</info>
      <info name="api_password">&lt;%= @info['api_password'] %&gt;</info>
      <info name="api_username">&lt;%= @info['api_username'] %&gt;</info>
      <info name="enable_debug_logging">&lt;%= @info["enable_debug_logging"] %&gt;</info>
    </infos>
    <parameters>
      <parameter name="api_server">&lt;%= @parameters['api_server'] %&gt;</parameter>
      <parameter name="error_handling">&lt;%= @parameters.has_key?("error_handling") ? @parameters["error_handling"] : "Raise" %&gt;</parameter>
      <parameter name="issue_guid">&lt;%= @parameters['issue_guid'] %&gt;</parameter>
      <parameter name="invitee_email">&lt;%= @parameters['invitee_email'] %&gt;</parameter>
      <parameter name="suppress_email">&lt;%= @parameters['suppress_email'] %&gt;</parameter>
    </parameters>
  </handler>
  <results format="xml">
    <result name="Handler Error Message"/>
  </results>
</taskDefinition>
