<?xml version="1.0" encoding="UTF-8"?>
<taskDefinition id="kinetic_commons_module" name="Kinetic Commons Module" schema_version="1.0" version="1">
    <author>support@kineticdata.com</author>
    <description>
        Provides common helper methods wrapped up in a Ruby module.
        Usage:
            ::Kinetic::Commons.method_name()
	  </description>
    <helpurl></helpurl>
    <visible>false</visible>
    <deferrable>false</deferrable>
    <parameters>
    </parameters>
    <handler name="kinetic_commons_module" version="1">
        <infos>
        </infos>
        <parameters>
        </parameters>
    </handler>
    <results format="xml">
    </results>
</taskDefinition>
