<?xml version="1.0" encoding="UTF-8"?>
<taskDefinition id="generate_lead_journey_events" name="Generate Lead Journey Events" schema_version="1.0" version="1">
    <author>support@kineticdata.com</author>
    <description>Generate Lead Journey events</description>
    <helpurl></helpurl>
    <visible>true</visible>
    <deferrable>false</deferrable>
    <parameters>
      <parameter id="ignore_status_values" label="Status values to ignore" required="false"
          tooltip="Status values that are considered closed, eg Dead Lead"/>
    </parameters>
    <handler name="generate_lead_journey_events" version="1">
        <infos>
            <info name="api_password">&lt;%= @info['api_password'] %&gt;</info>
            <info name="api_server">&lt;%= @info['api_server'] %&gt;</info>
            <info name="api_username">&lt;%= @info['api_username'] %&gt;</info>
            <info name="enable_debug_logging">&lt;%= @info["enable_debug_logging"] %&gt;</info>
        </infos>
        <parameters>
          <parameter name="space">&lt;%= @info["space"] %&gt;</parameter>
          <parameter name="ignore_status_values">&lt;%= @parameters["ignore_status_values"] %&gt;</parameter>
        </parameters>
    </handler>
    <results format="xml">
        <result name="Result Event IDs"/>
        <result name="Handler Error Message"/>
    </results>
</taskDefinition>
