<?xml version="1.0" encoding="UTF-8"?>
<taskDefinition id="kinetic_request_ce_team_update" name="Kinetic Request CE Team Update" schema_version="1.0" version="1">
    <author>support@kineticdata.com</author>
    <description>
        Updates a Team record in Kinetic Request CE for the specified space.
	  </description>
    <helpurl></helpurl>
    <visible>true</visible>
    <deferrable>false</deferrable>
    <parameters>
      <parameter id="error_handling" label="Error Handling" required="true"
        tooltip="Determine what to return if an error is encountered." menu="Error Message,Raise Error">Error Message</parameter>
	    <parameter id="space_slug" label="Space Slug" required="true"
        tooltip="Space slug of which the user you are trying to updates belongs to."/>
      <parameter id="current_name" label="Current Team Name" required="true"
        tooltip="Name of team you wish to update."/>
      <parameter id="description" label="Description" required="false"
		    tooltip="The description for this team."/>
      <parameter id="new_name" label="New Name" required="false"
        tooltip="Change the Name for this team."/>
	    <parameter id="append_or_replace" label="Append or Replace attributes?" required="true"
        tooltip="Append or replace the existing attribute values with the attributes provided." menu="Append,Replace">Append</parameter>
      <parameter id="attributes" label="Attributes" required="false"
        tooltip='Change the attributes for this user. JSON formatted string: [{"name": "Attribute Name","values": ["Attribute Value","Attribute Value",...]},{"name": "Attribute Name2","values": ["Attribute Value",...]},...]'/>
    </parameters>
    <handler name="kinetic_request_ce_team_update" version="1">
        <infos>
            <info name="api_password">&lt;%= @info['api_password'] %&gt;</info>
            <info name="api_server">&lt;%= @info['api_server'] %&gt;</info>
            <info name="api_username">&lt;%= @info['api_username'] %&gt;</info>
            <info name="space_slug">&lt;%= @info['space_slug'] %&gt;</info>
            <info name="enable_debug_logging">&lt;%= @info['enable_debug_logging'] %&gt;</info>
        </infos>
        <parameters>
            <parameter name="error_handling">&lt;%= @parameters.has_key?("error_handling") ? @parameters["error_handling"] : "Raise" %&gt;</parameter>
			      <parameter name="space_slug">&lt;%= @parameters['space_slug'] %&gt;</parameter>
            <parameter name="current_name">&lt;%= @parameters['current_name'] %&gt;</parameter>
            <parameter name="description">&lt;%= @parameters['description'] %&gt;</parameter>
            <parameter name="new_name">&lt;%= @parameters['new_name'] %&gt;</parameter>
            <parameter name="append_or_replace">&lt;%= @parameters['append_or_replace'] %&gt;</parameter>
            <parameter name="attributes">&lt;%= @parameters['attributes'] %&gt;</parameter>
        </parameters>
    </handler>
    <results format="xml">
        <result name="Handler Error Message"/>
        <result name="Team Name"/>
        <result name="Exists"/>
    </results>
</taskDefinition>
