<?xml version="1.0" encoding="UTF-8"?>
<taskDefinition id="amazon_s3_file_upload" name="Amazon S3 File Upload V2" schema_version="1.0" version="2">
    <author>support@kineticdata.com</author>
    <description>This handler creates and uploads text content to an Amazon S3 Bucket</description>
    <helpurl>http://ktc.kineticdata.com/handler/amazon_s3_file_upload/1</helpurl>
    <visible>false</visible>
    <deferrable>false</deferrable>
    <parameters>
        <parameter id="region" label="Region" required="true"
            tooltip="Id of the region the inteded S3 server is located in." />
        <parameter id="bucket" label="Bucket" required="true"
            tooltip="Name of the bucket to upload to."/>
        <parameter id="file_name" label="File Name" required="true"
            tooltip="Name of the file to upload."/>
        <parameter id="file_content" label="File Content" required="false"
            tooltip="String to upload as the contents of the new file."/>
        <parameter id="file_location" label="File Location to upload" required="false"
            tooltip="Path to file to upload"/>
    </parameters>
    <handler name="amazon_s3_file_upload" version="2">
        <infos>
            <info name="access_key">&lt;%= @info['access_key'] %&gt;</info>
            <info name="secret_key">&lt;%= @info['secret_key'] %&gt;</info>
            <info name="region">&lt;%= @info['region'] %&gt;</info>
            <info name="enable_debug_logging">&lt;%= @info['enable_debug_logging'] %&gt;</info>
        </infos>
        <parameters>
            <parameter name="region">&lt;%= @parameters['region'] %&gt;</parameter>
            <parameter name="bucket">&lt;%= @parameters['bucket'] %&gt;</parameter>
            <parameter name="file_name">&lt;%= @parameters['file_name'] %&gt;</parameter>
            <parameter name="file_content">&lt;%= @parameters['file_content'] %&gt;</parameter>
            <parameter name="file_location">&lt;%= @parameters['file_location'] %&gt;</parameter>
        </parameters>
    </handler>
    <results format="xml">
        <result name="Public Url"/>
    </results>
</taskDefinition>
