<?xml version="1.0" encoding="UTF-8"?>
<taskDefinition id="kinetic_request_ce_user_retrieve" name="Kinetic Request CE User Retrieve" schema_version="1.0" version="1">
    <author>support@kineticdata.com</author>
    <description>
        Retrieves a User record in Kinetic Request CE for the specified space.
	</description>
    <helpurl></helpurl>
    <visible>true</visible>
    <deferrable>false</deferrable>
    <parameters>
        <parameter id="error_handling" label="Error Handling" required="true"
          tooltip="Determine what to return if an error is encountered." menu="Error Message,Raise Error">Error Message</parameter>
        <parameter id="space_slug" label="Space Slug" required="false"
          tooltip="The Space the submission is being retrieved from."/>
        <parameter id="username" label="Username:" required="true"
		  tooltip="The unique username for the user."/>
    </parameters>
    <handler name="kinetic_request_ce_user_retrieve" version="1">
        <infos>
            <info name="api_password">&lt;%= @info['api_password'] %&gt;</info>
            <info name="api_server">&lt;%= @info['api_server'] %&gt;</info>
            <info name="api_username">&lt;%= @info['api_username'] %&gt;</info>
            <info name="space_slug">&lt;%= @info['space_slug'] %&gt;</info>
        </infos>
        <parameters>
            <parameter name="error_handling">&lt;%= @parameters.has_key?("error_handling") ? @parameters["error_handling"] : "Raise" %&gt;</parameter>
            <parameter name="space_slug">&lt;%= @parameters['space_slug'] %&gt;</parameter>
			<parameter name="username">&lt;%= @parameters['username'] %&gt;</parameter>
        </parameters>
    </handler>
    <results format="xml">
        <result name="Handler Error Message"/>
        <result name="Username"/>
        <result name="Display Name"/>
        <result name="Email"/>
        <result name="Created At"/>
        <result name="Created By"/>
        <result name="Enabled"/>
        <result name="Updated At"/>
        <result name="Updated By"/>
        <result name="Attributes"/>
        <result name="Exists"/>
    </results>
</taskDefinition>
