<?xml version="1.0" encoding="UTF-8"?>
<taskDefinition id="kinetic_task_tree_delete" name="Kinetic Task Tree Delete" schema_version="1.0" version="1">
    <author>support@kineticdata.com</author>
    <description>This handler is used to delete trees for a given source / group.</description>
    <helpurl></helpurl>
    <visible>true</visible>
    <deferrable>false</deferrable>
    <parameters>
        <parameter id="error_handling" label="Error Handling" required="true"
          tooltip="Determine what to return if an error is encountered." menu="Error Message,Raise Error">Error Message</parameter>
        <parameter id="source" label="Source" required="true"
            tooltip="The source for the tree you want to delete."/>
        <parameter id="group" label="Group" required="true"
            tooltip="The group of the tree you want to delete."/>
        <parameter id="name" label="Name" required="false"
            tooltip="Name of tree to delete (e.g. Complete). If none specified all for the given source/group will be deleted."/> 
    </parameters>
    <handler name="kinetic_task_tree_delete" version="1">
        <infos>
            <info name="username">&lt;%= @info['username'] %&gt;</info>
            <info name="password">&lt;%= @info['password'] %&gt;</info>
            <info name="kinetic_task_location">&lt;%= @info['kinetic_task_location'] %&gt;</info>
            <info name="enable_debug_logging">&lt;%= @info['enable_debug_logging'] %&gt;</info>
        </infos>
        <parameters>
            <parameter name="error_handling">&lt;%= @parameters.has_key?("error_handling") ? @parameters["error_handling"] : "Raise" %&gt;</parameter>
            <parameter name="source">&lt;%= @parameters['source'] %&gt;</parameter>
            <parameter name='group'>&lt;%= @parameters['group'] %&gt;</parameter>
            <parameter name='name'>&lt;%= @parameters['name'] %&gt;</parameter>
        </parameters>
    </handler>
    <results format="xml">
        <result name="Handler Error Message"/>
    </results>
</taskDefinition>
