<?xml version="1.0" encoding="UTF-8"?>
<taskDefinition id="kinetic_request_ce_user_create" name="Kinetic Request CE User Create" schema_version="1.0" version="1">
    <author>support@kineticdata.com</author>
    <description>
        Creates a User record in Kinetic Request CE for the specified space.
    </description>
    <helpurl></helpurl>
    <visible>true</visible>
    <deferrable>false</deferrable>
    <parameters>
        <parameter id="error_handling" label="Error Handling" required="true"
          tooltip="Determine what to return if an error is encountered."
          menu="Error Message,Raise Error">Error Message</parameter>
        <parameter id="space_slug" label="Space Slug" required="false"
          tooltip="The Space the submission is being retrieved from (defaults to info value if not provided)."/>
        <parameter id="username" label="Username" required="true"
          tooltip="The unique username for the user."/>
        <parameter id="password" label="Password" required="true"
          tooltip="The password for this user record."/>
        <parameter id="space_admin" label="Space Admin" required="true"
          tooltip="Should the user have space administration rights. (Yes / No)">Yes</parameter>
        <parameter id="email" label="Email" required="false"
          tooltip="The email address for this user record."/>
        <parameter id="display_name" label="Display Name" required="false"
          tooltip="The display name for this user record."/>
    </parameters>
    <handler name="kinetic_request_ce_user_create" version="1">
        <infos>
            <info name="api_password">&lt;%= @info['api_password'] %&gt;</info>
            <info name="api_server">&lt;%= @info['api_server'] %&gt;</info>
            <info name="api_username">&lt;%= @info['api_username'] %&gt;</info>
            <info name="space_slug">&lt;%= @info['space_slug'] %&gt;</info>
            <info name="enable_debug_logging">&lt;%= @info['enable_debug_logging'] %&gt;</info>
        </infos>
        <parameters>
            <parameter name="error_handling">&lt;%= @parameters.has_key?("error_handling") ?
                @parameters["error_handling"] : "Raise Error" %&gt;</parameter>
            <parameter name="space_slug">&lt;%= @parameters['space_slug'] %&gt;</parameter>
            <parameter name="password">&lt;%= @parameters['password'] %&gt;</parameter>
            <parameter name="username">&lt;%= @parameters['username'] %&gt;</parameter>
            <parameter name="space_admin">&lt;%= @parameters['space_admin'] %&gt;</parameter>
            <parameter name="email">&lt;%= @parameters['email'] %&gt;</parameter>
            <parameter name="display_name">&lt;%= @parameters['display_name'] %&gt;</parameter>
        </parameters>
    </handler>
    <results format="xml">
        <result name="Handler Error Message"/>
        <result name="Username"/>
    </results>
</taskDefinition>
