<?xml version="1.0" encoding="UTF-8"?>
<taskInfo version="1.0">
  <info name="server" required="true" description="Email server name or IP address."></info>
  <info name="port" required="true" description="TCP port the email server is listening on.">25</info>
  <info name="tls" required="true" description="A string, either 'true' or 'false' that defines whether the email server requires encryption.">false</info>
  <info name="username" required="true" description="Authentication string of a user allowed to send emails through the email server."></info>
  <info name="password" required="true" type="encrypted" description="Password associated with the specified user."></info>
  <info name="api_server" required="true" description="Server URL hosting email attachemnts."></info>
  <info name="api_server_user" required="true" description="Server user hosting email attachemnts."></info>
  <info name="api_server_password" required="true" type="encrypted" description="Server password hosting email attachemnts."></info>
  <info name="update_read_count_url" required="true" description="URL to be invoked on opening the email"></info>
</taskInfo>
