<?xml version="1.0" encoding="UTF-8"?>
<taskDefinition id="utility_date_in_timezone" name="Utility Date In Timezone" schema_version="1.0" version="2">
    <author>support@kineticdata.com</author>
    <description>
        Supports multiple actions, one of which is to convert a timezone name to a UTC offset.
    </description>
    <helpurl></helpurl>
    <visible>true</visible>
    <deferrable>false</deferrable>
    <parameters>
        <parameter id="timezone" label="Timezone" required="true"
          tooltip="The timezone being explored."/>
        <parameter id="timestamp" label="Timestamp" required="false"
          tooltip="Current time will be used if a timestamp is not entered. Format: YYYY-MM-DD'T'HH:MM:SS'Z' (iso8601)"/>
        <parameter id="direction" label="Direction" required="true"
          tooltip="Convert from UTC to local time, or a local time to a UTC."
          menu="To Local,To UTC">To Local</parameter>
    </parameters>
    <handler name="utility_date_in_timezone" version="2">
        <infos>
            <info name="enable_debug_logging">&lt;%= @info['enable_debug_logging'] %&gt;</info>
        </infos>
        <parameters>
            <parameter name="timezone">&lt;%= @parameters["timezone"] %&gt;</parameter>
            <parameter name="timestamp">&lt;%= @parameters["timestamp"] %&gt;</parameter>
            <parameter name="direction">&lt;%= @parameters["direction"] %&gt;</parameter>
        </parameters>
    </handler>
    <results format="xml">
        <result name="Timezone"/>
        <result name="Direction"/>
        <result name="Date"/>
        <result name="Time (ignore offset)"/>
        <result name="Offset Seconds"/>
    </results>
</taskDefinition>
